"id","order","title","qualifications","designation","classification","individualWinners","teamName","eventId","divisionId","qualifications.0"
188911,132,"Excellence Award (VIQRC)","[]",,,"[]","16008A",51958,1,
188912,135,"Teamwork Champion Award (VIQRC)","[]",,,"[]","16008A",51958,1,
188912,135,"Teamwork Champion Award (VIQRC)","[]",,,"[]","28111U",51958,1,
188913,140,"Design Award (VIQRC)","[]",,,"[]","28111U",51958,1,
188914,141,"Robot Skills Champion (VIQRC)","[]",,,"[]","16008A",51958,1,
188915,144,"Judges Award (VIQRC)","[]",,,"[]","996X",51958,1,
188644,132,"Excellence Award (VIQRC)","[]",,,"[]","28777K",52160,1,
188645,135,"Teamwork Champion Award (VIQRC)","[]",,,"[]","28111N",52160,1,
188645,135,"Teamwork Champion Award (VIQRC)","[]",,,"[]","906B",52160,1,
188646,140,"Design Award (VIQRC)","[]",,,"[]","80088W",52160,1,
188647,141,"Robot Skills Champion (VIQRC)","[]",,,"[]","61688A",52160,1,
188648,144,"Judges Award (VIQRC)","[]",,,"[]","22423C",52160,1,
187872,132,"Excellence Award (VIQRC)",,,,"[]","83300A",52043,,"World Championship"
187873,135,"Teamwork Champion Award (VIQRC)","[]",,,"[]","5510B",52043,,
187873,135,"Teamwork Champion Award (VIQRC)","[]",,,"[]","5510A",52043,,
187874,136,"Teamwork 2nd Place  Award (VIQRC)","[]",,,"[]","72333G",52043,,
187874,136,"Teamwork 2nd Place  Award (VIQRC)","[]",,,"[]","95111B",52043,,
187875,137,"Teamwork 3rd Place Award (VIQRC)","[]",,,"[]","71888E",52043,,
187875,137,"Teamwork 3rd Place Award (VIQRC)","[]",,,"[]","83300A",52043,,
187876,140,"Design Award (VIQRC)","[]",,,"[]","27093A",52043,,
187877,144,"Judges Award (VIQRC)","[]",,,"[]","5510B",52043,,
187878,145,"Innovate Award (VIQRC)","[]",,,"[]","71888A",52043,,
187879,146,"Think Award (VIQRC)","[]",,,"[]","88299A",52043,,
187880,147,"Amaze Award (VIQRC)","[]",,,"[]","72333V",52043,,
187881,148,"Build Award (VIQRC)","[]",,,"[]","50596B",52043,,
187882,149,"Create Award (VIQRC)","[]",,,"[]","60068B",52043,,
187884,152,"Inspire Award (VIQRC)","[]",,,"[]","27093B",52043,,
210642,141,"Robot Skills Champion (VIQRC)","[]",,,"[]","96666A",52043,,
210643,142,"Robot Skills 2nd Place (VIQRC)","[]",,,"[]","95111C",52043,,
210644,143,"Robot Skills 3rd Place (VIQRC)","[]",,,"[]","5510B",52043,,
187885,132,"Excellence Award (VIQRC)","[]",,,"[]","27115A",52044,1,
187886,135,"Teamwork Champion Award (VIQRC)","[]",,,"[]","10458X",52044,1,
187886,135,"Teamwork Champion Award (VIQRC)","[]",,,"[]","96688A",52044,1,
187887,136,"Teamwork 2nd Place  Award (VIQRC)","[]",,,"[]","27115B",52044,1,
187887,136,"Teamwork 2nd Place  Award (VIQRC)","[]",,,"[]","11619A",52044,1,
187888,137,"Teamwork 3rd Place Award (VIQRC)","[]",,,"[]","15159A",52044,1,
187888,137,"Teamwork 3rd Place Award (VIQRC)","[]",,,"[]","82177A",52044,1,
187889,140,"Design Award (VIQRC)","[]",,,"[]","88613E",52044,1,
187890,141,"Robot Skills Champion (VIQRC)","[]",,,"[]","96688A",52044,1,
187891,142,"Robot Skills 2nd Place (VIQRC)","[]",,,"[]","27115B",52044,1,
187892,143,"Robot Skills 3rd Place (VIQRC)","[]",,,"[]","27112A",52044,1,
187893,144,"Judges Award (VIQRC)","[]",,,"[]","13090E",52044,1,
187894,145,"Innovate Award (VIQRC)","[]",,,"[]","72333U",52044,1,
187895,146,"Think Award (VIQRC)","[]",,,"[]","10458A",52044,1,
187896,147,"Amaze Award (VIQRC)","[]",,,"[]","15159A",52044,1,
187897,148,"Build Award (VIQRC)","[]",,,"[]","9566A",52044,1,
187898,149,"Create Award (VIQRC)","[]",,,"[]","1298A",52044,1,
187900,152,"Inspire Award (VIQRC)","[]",,,"[]","96688A",52044,1,
189260,132,"Excellence Award (VIQRC)","[]",,,"[]","72366A",52212,1,
189261,135,"Teamwork Champion Award (VIQRC)","[]",,,"[]","12580E",52212,1,
189261,135,"Teamwork Champion Award (VIQRC)","[]",,,"[]","28113C",52212,1,
189262,136,"Teamwork 2nd Place  Award (VIQRC)","[]",,,"[]","72355P",52212,1,
189262,136,"Teamwork 2nd Place  Award (VIQRC)","[]",,,"[]","28111N",52212,1,
189263,137,"Teamwork 3rd Place Award (VIQRC)","[]",,,"[]","28777K",52212,1,
189263,137,"Teamwork 3rd Place Award (VIQRC)","[]",,,"[]","12580A",52212,1,
189264,140,"Design Award (VIQRC)","[]",,,"[]","61823A",52212,1,
189265,141,"Robot Skills Champion (VIQRC)","[]",,,"[]","58988N",52212,1,
189266,142,"Robot Skills 2nd Place (VIQRC)","[]",,,"[]","58988M",52212,1,
189267,143,"Robot Skills 3rd Place (VIQRC)","[]",,,"[]","906C",52212,1,
189268,145,"Innovate Award (VIQRC)","[]",,,"[]","3668A",52212,1,
189269,146,"Think Award (VIQRC)","[]",,,"[]","1268A",52212,1,
189270,147,"Amaze Award (VIQRC)","[]",,,"[]","89956B",52212,1,
189271,148,"Build Award (VIQRC)","[]",,,"[]","28111Z",52212,1,
189272,149,"Create Award (VIQRC)","[]",,,"[]","55868D",52212,1,
189273,132,"Excellence Award (VIQRC)","[]",,,"[]","68414B",52235,1,
189274,135,"Teamwork Champion Award (VIQRC)","[]",,,"[]","58988K",52235,1,
189274,135,"Teamwork Champion Award (VIQRC)","[]",,,"[]","82366G",52235,1,
189275,136,"Teamwork 2nd Place  Award (VIQRC)","[]",,,"[]","28111U",52235,1,
189275,136,"Teamwork 2nd Place  Award (VIQRC)","[]",,,"[]","12580G",52235,1,
189276,137,"Teamwork 3rd Place Award (VIQRC)","[]",,,"[]","9912D",52235,1,
189276,137,"Teamwork 3rd Place Award (VIQRC)","[]",,,"[]","50009E",52235,1,
189277,140,"Design Award (VIQRC)","[]",,,"[]","82366G",52235,1,
189278,141,"Robot Skills Champion (VIQRC)","[]",,,"[]","58988K",52235,1,
189279,142,"Robot Skills 2nd Place (VIQRC)","[]",,,"[]","58988J",52235,1,
189280,143,"Robot Skills 3rd Place (VIQRC)","[]",,,"[]","58988G",52235,1,
189281,145,"Innovate Award (VIQRC)","[]",,,"[]","55868C",52235,1,
189282,146,"Think Award (VIQRC)","[]",,,"[]","86867A",52235,1,
189283,147,"Amaze Award (VIQRC)","[]",,,"[]","50009E",52235,1,
189284,148,"Build Award (VIQRC)","[]",,,"[]","16008A",52235,1,
189285,149,"Create Award (VIQRC)","[]",,,"[]","18186A",52235,1,
187940,132,"Excellence Award (VIQRC)","[]",,,"[]","7627A",52048,1,
187941,135,"Teamwork Champion Award (VIQRC)","[]",,,"[]","7627A",52048,1,
187941,135,"Teamwork Champion Award (VIQRC)","[]",,,"[]","3322B",52048,1,
187942,136,"Teamwork 2nd Place  Award (VIQRC)","[]",,,"[]","7627F",52048,1,
187942,136,"Teamwork 2nd Place  Award (VIQRC)","[]",,,"[]","9666C",52048,1,
187943,137,"Teamwork 3rd Place Award (VIQRC)","[]",,,"[]","7627C",52048,1,
187943,137,"Teamwork 3rd Place Award (VIQRC)","[]",,,"[]","9666A",52048,1,
187944,140,"Design Award (VIQRC)","[]",,,"[]","71888B",52048,1,
187945,141,"Robot Skills Champion (VIQRC)","[]",,,"[]","9666A",52048,1,
187946,142,"Robot Skills 2nd Place (VIQRC)","[]",,,"[]","9666B",52048,1,
187947,143,"Robot Skills 3rd Place (VIQRC)","[]",,,"[]","671D",52048,1,
187948,144,"Judges Award (VIQRC)","[]",,,"[]","56556K",52048,1,
187949,145,"Innovate Award (VIQRC)","[]",,,"[]","527C",52048,1,
187950,146,"Think Award (VIQRC)","[]",,,"[]","18533D",52048,1,
187951,147,"Amaze Award (VIQRC)","[]",,,"[]","3322H",52048,1,
187952,148,"Build Award (VIQRC)","[]",,,"[]","7627D",52048,1,
187953,149,"Create Award (VIQRC)","[]",,,"[]","68888B",52048,1,
187954,151,"Energy Award (VIQRC)","[]",,,"[]","2148W",52048,1,
187955,152,"Inspire Award (VIQRC)","[]",,,"[]","33001B",52048,1,
187956,132,"Excellence Award (VIQRC)","[]",,,"[]","10458A",52049,1,
187957,135,"Teamwork Champion Award (VIQRC)","[]",,,"[]","7627Z",52049,1,
187957,135,"Teamwork Champion Award (VIQRC)","[]",,,"[]","8666B",52049,1,
187958,136,"Teamwork 2nd Place  Award (VIQRC)","[]",,,"[]","10458C",52049,1,
187958,136,"Teamwork 2nd Place  Award (VIQRC)","[]",,,"[]","10458X",52049,1,
187959,137,"Teamwork 3rd Place Award (VIQRC)","[]",,,"[]","56556B",52049,1,
187959,137,"Teamwork 3rd Place Award (VIQRC)","[]",,,"[]","9596D",52049,1,
187960,140,"Design Award (VIQRC)","[]",,,"[]","60666A",52049,1,
187961,141,"Robot Skills Champion (VIQRC)","[]",,,"[]","8666B",52049,1,
187962,142,"Robot Skills 2nd Place (VIQRC)","[]",,,"[]","10458A",52049,1,
187963,143,"Robot Skills 3rd Place (VIQRC)","[]",,,"[]","10458B",52049,1,
187964,144,"Judges Award (VIQRC)","[]",,,"[]","8588A",52049,1,
187965,145,"Innovate Award (VIQRC)","[]",,,"[]","7627X",52049,1,
187966,146,"Think Award (VIQRC)","[]",,,"[]","8848B",52049,1,
187967,147,"Amaze Award (VIQRC)","[]",,,"[]","3322D",52049,1,
187968,148,"Build Award (VIQRC)","[]",,,"[]","671A",52049,1,
187969,149,"Create Award (VIQRC)","[]",,,"[]","56556A",52049,1,
187970,151,"Energy Award (VIQRC)","[]",,,"[]","7566C",52049,1,
187971,152,"Inspire Award (VIQRC)","[]",,,"[]","99699B",52049,1,
189466,132,"Excellence Award (VIQRC)","[]",,,"[]","3399X",52231,1,
189467,135,"Teamwork Champion Award (VIQRC)","[]",,,"[]","502E",52231,1,
189467,135,"Teamwork Champion Award (VIQRC)","[]",,,"[]","6788B",52231,1,
189468,136,"Teamwork 2nd Place  Award (VIQRC)","[]",,,"[]","3399X",52231,1,
189468,136,"Teamwork 2nd Place  Award (VIQRC)","[]",,,"[]","69999B",52231,1,
189469,137,"Teamwork 3rd Place Award (VIQRC)","[]",,,"[]","7386C",52231,1,
189469,137,"Teamwork 3rd Place Award (VIQRC)","[]",,,"[]","636M",52231,1,
189470,140,"Design Award (VIQRC)","[]",,,"[]","7386A",52231,1,
189471,141,"Robot Skills Champion (VIQRC)","[]",,,"[]","3399X",52231,1,
189472,142,"Robot Skills 2nd Place (VIQRC)","[]",,,"[]","25155A",52231,1,
189473,143,"Robot Skills 3rd Place (VIQRC)","[]",,,"[]","25155B",52231,1,
189474,144,"Judges Award (VIQRC)","[]",,,"[]","691A",52231,1,
195320,145,"Innovate Award (VIQRC)","[]",,,"[]","9088C",52231,1,
195321,146,"Think Award (VIQRC)","[]",,,"[]","636C",52231,1,
195322,147,"Amaze Award (VIQRC)","[]",,,"[]","527C",52231,1,
195323,148,"Build Award (VIQRC)","[]",,,"[]","33933H",52231,1,
195324,149,"Create Award (VIQRC)","[]",,,"[]","503E",52231,1,
195325,150,"Sportsmanship Award (VIQRC)","[]",,,"[]","71788F",52231,1,
195326,151,"Energy Award (VIQRC)","[]",,,"[]","7428M",52231,1,
195327,152,"Inspire Award (VIQRC)","[]",,,"[]","86516E",52231,1,
189446,132,"Excellence Award (VIQRC)","[]",,,"[]","7386E",52232,1,
189447,135,"Teamwork Champion Award (VIQRC)","[]",,,"[]","6060A",52232,1,
189447,135,"Teamwork Champion Award (VIQRC)","[]",,,"[]","7386E",52232,1,
189448,136,"Teamwork 2nd Place  Award (VIQRC)","[]",,,"[]","6225M",52232,1,
189448,136,"Teamwork 2nd Place  Award (VIQRC)","[]",,,"[]","6225C",52232,1,
189449,137,"Teamwork 3rd Place Award (VIQRC)","[]",,,"[]","6060B",52232,1,
189449,137,"Teamwork 3rd Place Award (VIQRC)","[]",,,"[]","7386B",52232,1,
189450,140,"Design Award (VIQRC)","[]",,,"[]","366T",52232,1,
189451,141,"Robot Skills Champion (VIQRC)","[]",,,"[]","5009A",52232,1,
189452,142,"Robot Skills 2nd Place (VIQRC)","[]",,,"[]","6225M",52232,1,
189453,143,"Robot Skills 3rd Place (VIQRC)","[]",,,"[]","693E",52232,1,
189454,144,"Judges Award (VIQRC)","[]",,,"[]","6225M",52232,1,
189496,132,"Excellence Award (VIQRC)","[]",,,"[]","95111C",52266,1,
189497,135,"Teamwork Champion Award (VIQRC)","[]",,,"[]","66063C",52266,1,
189497,135,"Teamwork Champion Award (VIQRC)","[]",,,"[]","9596F",52266,1,
189498,136,"Teamwork 2nd Place  Award (VIQRC)","[]",,,"[]","96666A",52266,1,
189498,136,"Teamwork 2nd Place  Award (VIQRC)","[]",,,"[]","15159H",52266,1,
189499,137,"Teamwork 3rd Place Award (VIQRC)","[]",,,"[]","95111C",52266,1,
189499,137,"Teamwork 3rd Place Award (VIQRC)","[]",,,"[]","15159F",52266,1,
189500,140,"Design Award (VIQRC)","[]",,,"[]","61025A",52266,1,
189501,141,"Robot Skills Champion (VIQRC)","[]",,,"[]","83300A",52266,1,
189502,142,"Robot Skills 2nd Place (VIQRC)","[]",,,"[]","61025A",52266,1,
189503,143,"Robot Skills 3rd Place (VIQRC)","[]",,,"[]","88299E",52266,1,
189504,144,"Judges Award (VIQRC)","[]",,,"[]","15159D",52266,1,
189505,145,"Innovate Award (VIQRC)","[]",,,"[]","8168A",52266,1,
189506,146,"Think Award (VIQRC)","[]",,,"[]","15159C",52266,1,
189507,147,"Amaze Award (VIQRC)","[]",,,"[]","88299A",52266,1,
189508,148,"Build Award (VIQRC)","[]",,,"[]","88299E",52266,1,
189509,149,"Create Award (VIQRC)","[]",,,"[]","83300A",52266,1,
189510,150,"Sportsmanship Award (VIQRC)","[]",,,"[]","83089C",52266,1,
189511,151,"Energy Award (VIQRC)","[]",,,"[]","96666A",52266,1,
189512,152,"Inspire Award (VIQRC)","[]",,,"[]","50596A",52266,1,
189513,132,"Excellence Award (VIQRC)","[]",,,"[]","88613E",52267,1,
189514,135,"Teamwork Champion Award (VIQRC)","[]",,,"[]","13090E",52267,1,
189514,135,"Teamwork Champion Award (VIQRC)","[]",,,"[]","96688A",52267,1,
189515,136,"Teamwork 2nd Place  Award (VIQRC)","[]",,,"[]","1298A",52267,1,
189515,136,"Teamwork 2nd Place  Award (VIQRC)","[]",,,"[]","671A",52267,1,
189516,137,"Teamwork 3rd Place Award (VIQRC)","[]",,,"[]","49186D",52267,1,
189517,140,"Design Award (VIQRC)","[]",,,"[]","96688A",52267,1,
189518,141,"Robot Skills Champion (VIQRC)","[]",,,"[]","96688A",52267,1,
189519,142,"Robot Skills 2nd Place (VIQRC)","[]",,,"[]","671A",52267,1,
189520,143,"Robot Skills 3rd Place (VIQRC)","[]",,,"[]","88613W",52267,1,
189521,144,"Judges Award (VIQRC)","[]",,,"[]","88613W",52267,1,
189522,145,"Innovate Award (VIQRC)","[]",,,"[]","1298A",52267,1,
189523,146,"Think Award (VIQRC)","[]",,,"[]","75161E",52267,1,
189524,147,"Amaze Award (VIQRC)","[]",,,"[]","50596C",52267,1,
189525,148,"Build Award (VIQRC)","[]",,,"[]","66063A",52267,1,
189526,149,"Create Award (VIQRC)","[]",,,"[]","88613N",52267,1,
189527,150,"Sportsmanship Award (VIQRC)","[]",,,"[]","66026A",52267,1,
189528,151,"Energy Award (VIQRC)","[]",,,"[]","75161A",52267,1,
189529,152,"Inspire Award (VIQRC)","[]",,,"[]","13090E",52267,1,
198438,132,"Excellence Award (VIQRC)","[]",,,"[]","72377G",53448,1,
198439,135,"Teamwork Champion Award (VIQRC)","[]",,,"[]","72377G",53448,1,
198439,135,"Teamwork Champion Award (VIQRC)","[]",,,"[]","32680C",53448,1,
198440,136,"Teamwork 2nd Place  Award (VIQRC)","[]",,,"[]","32680E",53448,1,
198440,136,"Teamwork 2nd Place  Award (VIQRC)","[]",,,"[]","72366P",53448,1,
198441,137,"Teamwork 3rd Place Award (VIQRC)","[]",,,"[]","88885B",53448,1,
198441,137,"Teamwork 3rd Place Award (VIQRC)","[]",,,"[]","72366H",53448,1,
198442,140,"Design Award (VIQRC)","[]",,,"[]","52806F",53448,1,
198443,141,"Robot Skills Champion (VIQRC)","[]",,,"[]","32680C",53448,1,
198444,142,"Robot Skills 2nd Place (VIQRC)","[]",,,"[]","72377G",53448,1,
198445,143,"Robot Skills 3rd Place (VIQRC)","[]",,,"[]","32680E",53448,1,
198446,144,"Judges Award (VIQRC)","[]",,,"[]","83279B",53448,1,
198447,145,"Innovate Award (VIQRC)","[]",,,"[]","88885C",53448,1,
198448,146,"Think Award (VIQRC)","[]",,,"[]","72300C",53448,1,
198449,147,"Amaze Award (VIQRC)","[]",,,"[]","83279A",53448,1,
198450,148,"Build Award (VIQRC)","[]",,,"[]","58311A",53448,1,
198451,149,"Create Award (VIQRC)","[]",,,"[]","52806E",53448,1,
198452,151,"Energy Award (VIQRC)","[]",,,"[]","51808B",53448,1,
198453,152,"Inspire Award (VIQRC)","[]",,,"[]","50326A",53448,1,
198257,132,"Excellence Award (VIQRC)",,,,"[]","98996B",53647,1,"World Championship"
198258,135,"Teamwork Champion Award (VIQRC)","[]",,,"[]","98831B",53647,1,
198258,135,"Teamwork Champion Award (VIQRC)","[]",,,"[]","88808C",53647,1,
198259,136,"Teamwork 2nd Place  Award (VIQRC)","[]",,,"[]","88808K",53647,1,
198259,136,"Teamwork 2nd Place  Award (VIQRC)","[]",,,"[]","88098K",53647,1,
198260,137,"Teamwork 3rd Place Award (VIQRC)","[]",,,"[]","88896A",53647,1,
198260,137,"Teamwork 3rd Place Award (VIQRC)","[]",,,"[]","98996B",53647,1,
198261,140,"Design Award (VIQRC)","[]",,,"[]","88778B",53647,1,
198262,141,"Robot Skills Champion (VIQRC)","[]",,,"[]","88098F",53647,1,
198263,142,"Robot Skills 2nd Place (VIQRC)","[]",,,"[]","88098A",53647,1,
198264,143,"Robot Skills 3rd Place (VIQRC)","[]",,,"[]","88778F",53647,1,
198265,144,"Judges Award (VIQRC)","[]",,,"[]","88989S",53647,1,
198266,145,"Innovate Award (VIQRC)","[]",,,"[]","98831D",53647,1,
198268,147,"Amaze Award (VIQRC)","[]",,,"[]","92315A",53647,1,
198269,148,"Build Award (VIQRC)","[]",,,"[]","88921D",53647,1,
198270,149,"Create Award (VIQRC)","[]",,,"[]","78796A",53647,1,
198271,151,"Energy Award (VIQRC)","[]",,,"[]","98988F",53647,1,
198272,152,"Inspire Award (VIQRC)","[]",,,"[]","86039A",53647,1,
198273,132,"Excellence Award (VIQRC)","[]",,,"[]","98831A",53648,1,
198274,135,"Teamwork Champion Award (VIQRC)","[]",,,"[]","98831A",53648,1,
198274,135,"Teamwork Champion Award (VIQRC)","[]",,,"[]","88110K",53648,1,
198275,136,"Teamwork 2nd Place  Award (VIQRC)","[]",,,"[]","98990G",53648,1,
198275,136,"Teamwork 2nd Place  Award (VIQRC)","[]",,,"[]","98996A",53648,1,
198276,137,"Teamwork 3rd Place Award (VIQRC)","[]",,,"[]","98886B",53648,1,
198276,137,"Teamwork 3rd Place Award (VIQRC)","[]",,,"[]","68568A",53648,1,
198277,140,"Design Award (VIQRC)","[]",,,"[]","98831A",53648,1,
198278,141,"Robot Skills Champion (VIQRC)","[]",,,"[]","98996A",53648,1,
198279,142,"Robot Skills 2nd Place (VIQRC)","[]",,,"[]","43925F",53648,1,
198280,143,"Robot Skills 3rd Place (VIQRC)","[]",,,"[]","98886A",53648,1,
198281,144,"Judges Award (VIQRC)","[]",,,"[]","88110K",53648,1,
198282,145,"Innovate Award (VIQRC)","[]",,,"[]","98988A",53648,1,
198283,146,"Think Award (VIQRC)","[]",,,"[]","98990H",53648,1,
198284,147,"Amaze Award (VIQRC)","[]",,,"[]","98990G",53648,1,
198285,148,"Build Award (VIQRC)","[]",,,"[]","98990S",53648,1,
198286,149,"Create Award (VIQRC)","[]",,,"[]","98996A",53648,1,
198287,151,"Energy Award (VIQRC)","[]",,,"[]","98886B",53648,1,
198288,152,"Inspire Award (VIQRC)","[]",,,"[]","98886A",53648,1,
196911,132,"Excellence Award (VIQRC)","[]",,,"[]","696U",53373,1,
196912,135,"Teamwork Champion Award (VIQRC)","[]",,,"[]","32680C",53373,1,
196912,135,"Teamwork Champion Award (VIQRC)","[]",,,"[]","51808A",53373,1,
196913,136,"Teamwork 2nd Place  Award (VIQRC)","[]",,,"[]","28113C",53373,1,
196913,136,"Teamwork 2nd Place  Award (VIQRC)","[]",,,"[]","558A",53373,1,
196914,137,"Teamwork 3rd Place Award (VIQRC)","[]",,,"[]","58988P",53373,1,
196914,137,"Teamwork 3rd Place Award (VIQRC)","[]",,,"[]","76837C",53373,1,
196915,140,"Design Award (VIQRC)","[]",,,"[]","7627A",53373,1,
196916,141,"Robot Skills Champion (VIQRC)","[]",,,"[]","32680C",53373,1,
196917,142,"Robot Skills 2nd Place (VIQRC)","[]",,,"[]","58988E",53373,1,
196918,143,"Robot Skills 3rd Place (VIQRC)","[]",,,"[]","58988R",53373,1,
196919,144,"Judges Award (VIQRC)","[]",,,"[]","79623D",53373,1,
196920,145,"Innovate Award (VIQRC)","[]",,,"[]","1268A",53373,1,
196921,146,"Think Award (VIQRC)","[]",,,"[]","58988P",53373,1,
196922,147,"Amaze Award (VIQRC)","[]",,,"[]","56690D",53373,1,
196923,148,"Build Award (VIQRC)","[]",,,"[]","92972B",53373,1,
196924,149,"Create Award (VIQRC)","[]",,,"[]","9738C",53373,1,
196925,152,"Inspire Award (VIQRC)","[]",,,"[]","28111N",53373,1,
196926,132,"Excellence Award (VIQRC)","[]",,,"[]","32680A",53374,1,
196927,135,"Teamwork Champion Award (VIQRC)","[]",,,"[]","58988C",53374,1,
196927,135,"Teamwork Champion Award (VIQRC)","[]",,,"[]","7627X",53374,1,
196928,136,"Teamwork 2nd Place  Award (VIQRC)","[]",,,"[]","82355G",53374,1,
196928,136,"Teamwork 2nd Place  Award (VIQRC)","[]",,,"[]","3513E",53374,1,
196929,137,"Teamwork 3rd Place Award (VIQRC)","[]",,,"[]","7627Z",53374,1,
196929,137,"Teamwork 3rd Place Award (VIQRC)","[]",,,"[]","58988J",53374,1,
196930,140,"Design Award (VIQRC)","[]",,,"[]","58988C",53374,1,
196931,141,"Robot Skills Champion (VIQRC)","[]",,,"[]","58988C",53374,1,
196932,142,"Robot Skills 2nd Place (VIQRC)","[]",,,"[]","32680A",53374,1,
196933,143,"Robot Skills 3rd Place (VIQRC)","[]",,,"[]","7627X",53374,1,
196934,144,"Judges Award (VIQRC)","[]",,,"[]","13899A",53374,1,
196935,145,"Innovate Award (VIQRC)","[]",,,"[]","82355G",53374,1,
196936,146,"Think Award (VIQRC)","[]",,,"[]","11226B",53374,1,
196937,147,"Amaze Award (VIQRC)","[]",,,"[]","7627X",53374,1,
196938,148,"Build Award (VIQRC)","[]",,,"[]","95382Y",53374,1,
196939,149,"Create Award (VIQRC)","[]",,,"[]","5823A",53374,1,
196941,152,"Inspire Award (VIQRC)","[]",,,"[]","52806A",53374,1,
195828,132,"Excellence Award (VIQRC)","[]",,,"[]","96666A",53279,1,
195829,135,"Teamwork Champion Award (VIQRC)","[]",,,"[]","96666A",53279,1,
195829,135,"Teamwork Champion Award (VIQRC)","[]",,,"[]","527C",53279,1,
195830,136,"Teamwork 2nd Place  Award (VIQRC)","[]",,,"[]","38227A",53279,1,
195830,136,"Teamwork 2nd Place  Award (VIQRC)","[]",,,"[]","38227C",53279,1,
195831,137,"Teamwork 3rd Place Award (VIQRC)","[]",,,"[]","6788D",53279,1,
195831,137,"Teamwork 3rd Place Award (VIQRC)","[]",,,"[]","6788A",53279,1,
195832,140,"Design Award (VIQRC)","[]",,,"[]","8168A",53279,1,
195833,141,"Robot Skills Champion (VIQRC)","[]",,,"[]","38227A",53279,1,
195834,142,"Robot Skills 2nd Place (VIQRC)","[]",,,"[]","38227C",53279,1,
195835,143,"Robot Skills 3rd Place (VIQRC)","[]",,,"[]","38227F",53279,1,
195836,144,"Judges Award (VIQRC)","[]",,,"[]","70520D",53279,1,
195838,146,"Think Award (VIQRC)","[]",,,"[]","11012B",53279,1,
195839,147,"Amaze Award (VIQRC)","[]",,,"[]","69267A",53279,1,
195840,148,"Build Award (VIQRC)","[]",,,"[]","67777A",53279,1,
200019,132,"Excellence Award (VIQRC)","[]",,,"[]","50638A",53919,1,
200020,135,"Teamwork Champion Award (VIQRC)","[]",,,"[]","33123A",53919,1,
200020,135,"Teamwork Champion Award (VIQRC)","[]",,,"[]","50638A",53919,1,
200021,136,"Teamwork 2nd Place  Award (VIQRC)","[]",,,"[]","9115B",53919,1,
200021,136,"Teamwork 2nd Place  Award (VIQRC)","[]",,,"[]","85297B",53919,1,
200022,137,"Teamwork 3rd Place Award (VIQRC)","[]",,,"[]","7229C",53919,1,
200022,137,"Teamwork 3rd Place Award (VIQRC)","[]",,,"[]","33123B",53919,1,
200023,140,"Design Award (VIQRC)","[]",,,"[]","85297B",53919,1,
200024,141,"Robot Skills Champion (VIQRC)","[]",,,"[]","33123A",53919,1,
200025,142,"Robot Skills 2nd Place (VIQRC)","[]",,,"[]","29215A",53919,1,
200026,143,"Robot Skills 3rd Place (VIQRC)","[]",,,"[]","9115B",53919,1,
200027,144,"Judges Award (VIQRC)","[]",,,"[]","9115B",53919,1,
198455,132,"Excellence Award (VIQRC)","[]",,,"[]","15159F",53669,1,
198456,135,"Teamwork Champion Award (VIQRC)","[]",,,"[]","98888E",53669,1,
198456,135,"Teamwork Champion Award (VIQRC)","[]",,,"[]","88299A",53669,1,
198457,136,"Teamwork 2nd Place  Award (VIQRC)","[]",,,"[]","15159F",53669,1,
198457,136,"Teamwork 2nd Place  Award (VIQRC)","[]",,,"[]","15159B",53669,1,
198458,137,"Teamwork 3rd Place Award (VIQRC)","[]",,,"[]","98888C",53669,1,
198458,137,"Teamwork 3rd Place Award (VIQRC)","[]",,,"[]","88299V",53669,1,
198459,140,"Design Award (VIQRC)","[]",,,"[]","88299V",53669,1,
198460,141,"Robot Skills Champion (VIQRC)","[]",,,"[]","88299A",53669,1,
198461,142,"Robot Skills 2nd Place (VIQRC)","[]",,,"[]","88299E",53669,1,
198462,143,"Robot Skills 3rd Place (VIQRC)","[]",,,"[]","98888C",53669,1,
198463,144,"Judges Award (VIQRC)","[]",,,"[]","88299A",53669,1,
198464,145,"Innovate Award (VIQRC)","[]",,,"[]","98888E",53669,1,
198465,146,"Think Award (VIQRC)","[]",,,"[]","88299E",53669,1,
198466,147,"Amaze Award (VIQRC)","[]",,,"[]","88299A",53669,1,
198467,148,"Build Award (VIQRC)","[]",,,"[]","15159B",53669,1,
198468,149,"Create Award (VIQRC)","[]",,,"[]","88299E",53669,1,
198469,150,"Sportsmanship Award (VIQRC)","[]",,,"[]","15159H",53669,1,
198470,151,"Energy Award (VIQRC)","[]",,,"[]","98888C",53669,1,
198471,152,"Inspire Award (VIQRC)","[]",,,"[]","15159F",53669,1,
198007,132,"Excellence Award (VIQRC)","[]",,,"[]","12018B",53601,1,
198008,135,"Teamwork Champion Award (VIQRC)","[]",,,"[]","26862A",53601,1,
198008,135,"Teamwork Champion Award (VIQRC)","[]",,,"[]","26862D",53601,1,
198009,136,"Teamwork 2nd Place  Award (VIQRC)","[]",,,"[]","9177A",53601,1,
198009,136,"Teamwork 2nd Place  Award (VIQRC)","[]",,,"[]","99077D",53601,1,
198010,137,"Teamwork 3rd Place Award (VIQRC)","[]",,,"[]","98990A",53601,1,
198010,137,"Teamwork 3rd Place Award (VIQRC)","[]",,,"[]","86025G",53601,1,
198011,140,"Design Award (VIQRC)","[]",,,"[]","94666D",53601,1,
198012,141,"Robot Skills Champion (VIQRC)","[]",,,"[]","60666Z",53601,1,
198013,142,"Robot Skills 2nd Place (VIQRC)","[]",,,"[]","9666C",53601,1,
198014,143,"Robot Skills 3rd Place (VIQRC)","[]",,,"[]","9666D",53601,1,
198015,144,"Judges Award (VIQRC)","[]",,,"[]","98988F",53601,1,
198016,145,"Innovate Award (VIQRC)","[]",,,"[]","68888B",53601,1,
198017,146,"Think Award (VIQRC)","[]",,,"[]","26862A",53601,1,
198018,147,"Amaze Award (VIQRC)","[]",,,"[]","8862A",53601,1,
198019,148,"Build Award (VIQRC)","[]",,,"[]","8606C",53601,1,
198020,149,"Create Award (VIQRC)","[]",,,"[]","98831C",53601,1,
198021,151,"Energy Award (VIQRC)","[]",,,"[]","10916A",53601,1,
198022,152,"Inspire Award (VIQRC)","[]",,,"[]","9177A",53601,1,
197991,132,"Excellence Award (VIQRC)","[]",,,"[]","60666A",53602,1,
197992,135,"Teamwork Champion Award (VIQRC)","[]",,,"[]","8666B",53602,1,
197992,135,"Teamwork Champion Award (VIQRC)","[]",,,"[]","60666A",53602,1,
197993,136,"Teamwork 2nd Place  Award (VIQRC)","[]",,,"[]","1147A",53602,1,
197993,136,"Teamwork 2nd Place  Award (VIQRC)","[]",,,"[]","7755C",53602,1,
197994,137,"Teamwork 3rd Place Award (VIQRC)","[]",,,"[]","13329A",53602,1,
197994,137,"Teamwork 3rd Place Award (VIQRC)","[]",,,"[]","3863A",53602,1,
197995,140,"Design Award (VIQRC)","[]",,,"[]","68888A",53602,1,
197996,141,"Robot Skills Champion (VIQRC)","[]",,,"[]","60666A",53602,1,
197997,142,"Robot Skills 2nd Place (VIQRC)","[]",,,"[]","8666B",53602,1,
197998,143,"Robot Skills 3rd Place (VIQRC)","[]",,,"[]","8666A",53602,1,
197999,144,"Judges Award (VIQRC)","[]",,,"[]","8588B",53602,1,
198000,145,"Innovate Award (VIQRC)","[]",,,"[]","20286C",53602,1,
198001,146,"Think Award (VIQRC)","[]",,,"[]","8666B",53602,1,
198002,147,"Amaze Award (VIQRC)","[]",,,"[]","1147C",53602,1,
198003,148,"Build Award (VIQRC)","[]",,,"[]","88896K",53602,1,
198004,149,"Create Award (VIQRC)","[]",,,"[]","98886A",53602,1,
198005,151,"Energy Award (VIQRC)","[]",,,"[]","8588A",53602,1,
198006,152,"Inspire Award (VIQRC)","[]",,,"[]","98988A",53602,1,
197610,132,"Excellence Award (VIQRC)","[]",,,"[]","95111C",53544,,
197611,135,"Teamwork Champion Award (VIQRC)","[]",,,"[]","9781E",53544,1,
197611,135,"Teamwork Champion Award (VIQRC)","[]",,,"[]","95111B",53544,1,
197611,135,"Teamwork Champion Award (VIQRC)","[]",,,"[]","95111C",53544,2,
197611,135,"Teamwork Champion Award (VIQRC)","[]",,,"[]","9781B",53544,2,
197612,136,"Teamwork 2nd Place  Award (VIQRC)","[]",,,"[]","79309E",53544,1,
197612,136,"Teamwork 2nd Place  Award (VIQRC)","[]",,,"[]","96666A",53544,1,
197612,136,"Teamwork 2nd Place  Award (VIQRC)","[]",,,"[]","9781D",53544,2,
197612,136,"Teamwork 2nd Place  Award (VIQRC)","[]",,,"[]","95111A",53544,2,
197613,137,"Teamwork 3rd Place Award (VIQRC)","[]",,,"[]","83276C",53544,1,
197613,137,"Teamwork 3rd Place Award (VIQRC)","[]",,,"[]","81020A",53544,1,
197613,137,"Teamwork 3rd Place Award (VIQRC)","[]",,,"[]","71888B",53544,2,
197613,137,"Teamwork 3rd Place Award (VIQRC)","[]",,,"[]","83276B",53544,2,
197614,140,"Design Award (VIQRC)","[]",,,"[]","96666A",53544,1,
197614,140,"Design Award (VIQRC)","[]",,,"[]","83300A",53544,2,
197615,141,"Robot Skills Champion (VIQRC)","[]",,,"[]","79309F",53544,,
197616,142,"Robot Skills 2nd Place (VIQRC)","[]",,,"[]","95111C",53544,,
197617,143,"Robot Skills 3rd Place (VIQRC)","[]",,,"[]","95111B",53544,,
197618,144,"Judges Award (VIQRC)","[]",,,"[]","9781C",53544,1,
197618,144,"Judges Award (VIQRC)","[]",,,"[]","61025A",53544,2,
197619,145,"Innovate Award (VIQRC)","[]",,,"[]","88299V",53544,1,
197619,145,"Innovate Award (VIQRC)","[]",,,"[]","38589B",53544,2,
197620,146,"Think Award (VIQRC)","[]",,,"[]","11012A",53544,1,
197620,146,"Think Award (VIQRC)","[]",,,"[]","75161D",53544,2,
197621,147,"Amaze Award (VIQRC)","[]",,,"[]","27093D",53544,1,
197621,147,"Amaze Award (VIQRC)","[]",,,"[]","71888B",53544,2,
197622,148,"Build Award (VIQRC)","[]",,,"[]","81020A",53544,1,
197622,148,"Build Award (VIQRC)","[]",,,"[]","97519C",53544,2,
197623,149,"Create Award (VIQRC)","[]",,,"[]","8168A",53544,1,
197623,149,"Create Award (VIQRC)","[]",,,"[]","79309F",53544,2,
197624,150,"Sportsmanship Award (VIQRC)","[]",,,"[]","75161C",53544,1,
197624,150,"Sportsmanship Award (VIQRC)","[]",,,"[]","27093A",53544,2,
197625,151,"Energy Award (VIQRC)","[]",,,"[]","71888C",53544,1,
197625,151,"Energy Award (VIQRC)","[]",,,"[]","98888D",53544,2,
197626,152,"Inspire Award (VIQRC)","[]",,,"[]","7276X",53544,1,
197626,152,"Inspire Award (VIQRC)","[]",,,"[]","81020B",53544,2,
197633,135,"Teamwork Champion Award (VIQRC)","[]",,,"[]","60666A",53546,1,
197633,135,"Teamwork Champion Award (VIQRC)","[]",,,"[]","52808A",53546,1,
197634,136,"Teamwork 2nd Place  Award (VIQRC)","[]",,,"[]","79309B",53546,1,
197634,136,"Teamwork 2nd Place  Award (VIQRC)","[]",,,"[]","9596D",53546,1,
197635,137,"Teamwork 3rd Place Award (VIQRC)","[]",,,"[]","79309A",53546,1,
197635,137,"Teamwork 3rd Place Award (VIQRC)","[]",,,"[]","82177A",53546,1,
197636,140,"Design Award (VIQRC)","[]",,,"[]","1298A",53546,1,
197637,141,"Robot Skills Champion (VIQRC)","[]",,,"[]","60666A",53546,1,
197638,142,"Robot Skills 2nd Place (VIQRC)","[]",,,"[]","69978D",53546,1,
197639,143,"Robot Skills 3rd Place (VIQRC)","[]",,,"[]","10458A",53546,1,
197640,144,"Judges Award (VIQRC)","[]",,,"[]","97519A",53546,1,
197641,145,"Innovate Award (VIQRC)","[]",,,"[]","79309C",53546,1,
197642,146,"Think Award (VIQRC)","[]",,,"[]","10458A",53546,1,
197643,147,"Amaze Award (VIQRC)","[]",,,"[]","1366B",53546,1,
205794,148,"Build Award (VIQRC)","[]",,,"[]","8858Z",53546,1,
205795,149,"Create Award (VIQRC)","[]",,,"[]","88613E",53546,1,
205796,150,"Sportsmanship Award (VIQRC)","[]",,,"[]","75161A",53546,1,
205797,151,"Energy Award (VIQRC)","[]",,,"[]","57521Z",53546,1,
205798,152,"Inspire Award (VIQRC)","[]",,,"[]","7276M",53546,1,
202189,132,"Excellence Award (VIQRC)","[]",,,"[]","80066Y",54226,1,
202190,135,"Teamwork Champion Award (VIQRC)","[]",,,"[]","72355G",54226,1,
202190,135,"Teamwork Champion Award (VIQRC)","[]",,,"[]","72366N",54226,1,
202191,136,"Teamwork 2nd Place  Award (VIQRC)","[]",,,"[]","1266A",54226,1,
202191,136,"Teamwork 2nd Place  Award (VIQRC)","[]",,,"[]","32680C",54226,1,
202192,137,"Teamwork 3rd Place Award (VIQRC)","[]",,,"[]","28111Z",54226,1,
202192,137,"Teamwork 3rd Place Award (VIQRC)","[]",,,"[]","28113C",54226,1,
202193,140,"Design Award (VIQRC)","[]",,,"[]","72366N",54226,1,
202194,141,"Robot Skills Champion (VIQRC)","[]",,,"[]","32680C",54226,1,
202195,142,"Robot Skills 2nd Place (VIQRC)","[]",,,"[]","996A",54226,1,
202196,143,"Robot Skills 3rd Place (VIQRC)","[]",,,"[]","80066Y",54226,1,
202197,144,"Judges Award (VIQRC)","[]",,,"[]","1268Y",54226,1,
202198,145,"Innovate Award (VIQRC)","[]",,,"[]","1268A",54226,1,
202199,146,"Think Award (VIQRC)","[]",,,"[]","3339A",54226,1,
202200,147,"Amaze Award (VIQRC)","[]",,,"[]","95272B",54226,1,
202202,149,"Create Award (VIQRC)","[]",,,"[]","72366G",54226,1,
202204,151,"Energy Award (VIQRC)","[]",,,"[]","61823A",54226,1,
202205,152,"Inspire Award (VIQRC)","[]",,,"[]","32680C",54226,1,
203203,132,"Excellence Award (VIQRC)","[]",,,"[]","82366G",54348,1,
203204,135,"Teamwork Champion Award (VIQRC)","[]",,,"[]","82366G",54348,1,
203204,135,"Teamwork Champion Award (VIQRC)","[]",,,"[]","82377N",54348,1,
203205,136,"Teamwork 2nd Place  Award (VIQRC)","[]",,,"[]","80066B",54348,1,
203205,136,"Teamwork 2nd Place  Award (VIQRC)","[]",,,"[]","166A",54348,1,
203206,137,"Teamwork 3rd Place Award (VIQRC)","[]",,,"[]","32680A",54348,1,
203206,137,"Teamwork 3rd Place Award (VIQRC)","[]",,,"[]","80066A",54348,1,
203207,140,"Design Award (VIQRC)","[]",,,"[]","166A",54348,1,
203208,141,"Robot Skills Champion (VIQRC)","[]",,,"[]","32680A",54348,1,
203209,142,"Robot Skills 2nd Place (VIQRC)","[]",,,"[]","66888A",54348,1,
203210,143,"Robot Skills 3rd Place (VIQRC)","[]",,,"[]","82366G",54348,1,
203211,144,"Judges Award (VIQRC)","[]",,,"[]","80066B",54348,1,
203212,145,"Innovate Award (VIQRC)","[]",,,"[]","55868C",54348,1,
203213,146,"Think Award (VIQRC)","[]",,,"[]","52806A",54348,1,
203214,147,"Amaze Award (VIQRC)","[]",,,"[]","80066A",54348,1,
203215,149,"Create Award (VIQRC)","[]",,,"[]","166A",54348,1,
203216,151,"Energy Award (VIQRC)","[]",,,"[]","32680A",54348,1,
203217,152,"Inspire Award (VIQRC)","[]",,,"[]","66888A",54348,1,
201990,132,"Excellence Award (VIQRC)","[]",,,"[]","3399X",54199,1,
201991,135,"Teamwork Champion Award (VIQRC)","[]",,,"[]","3399X",54199,1,
201991,135,"Teamwork Champion Award (VIQRC)","[]",,,"[]","17629A",54199,1,
201992,136,"Teamwork 2nd Place  Award (VIQRC)","[]",,,"[]","56556E",54199,1,
201992,136,"Teamwork 2nd Place  Award (VIQRC)","[]",,,"[]","56556K",54199,1,
201993,137,"Teamwork 3rd Place Award (VIQRC)","[]",,,"[]","636M",54199,1,
201993,137,"Teamwork 3rd Place Award (VIQRC)","[]",,,"[]","69267B",54199,1,
201994,140,"Design Award (VIQRC)","[]",,,"[]","1033A",54199,1,
201995,141,"Robot Skills Champion (VIQRC)","[]",,,"[]","31881C",54199,1,
201996,142,"Robot Skills 2nd Place (VIQRC)","[]",,,"[]","3399X",54199,1,
201997,143,"Robot Skills 3rd Place (VIQRC)","[]",,,"[]","32088C",54199,1,
201998,144,"Judges Award (VIQRC)","[]",,,"[]","79625A",54199,1,
201999,145,"Innovate Award (VIQRC)","[]",,,"[]","27061A",54199,1,
202000,146,"Think Award (VIQRC)","[]",,,"[]","32088C",54199,1,
202001,147,"Amaze Award (VIQRC)","[]",,,"[]","85672D",54199,1,
202002,148,"Build Award (VIQRC)","[]",,,"[]","1033B",54199,1,
202003,149,"Create Award (VIQRC)","[]",,,"[]","30523A",54199,1,
202004,152,"Inspire Award (VIQRC)","[]",,,"[]","27060A",54199,1,
202006,135,"Teamwork Champion Award (VIQRC)","[]",,,"[]","56556B",54200,1,
202006,135,"Teamwork Champion Award (VIQRC)","[]",,,"[]","76000P",54200,1,
202007,136,"Teamwork 2nd Place  Award (VIQRC)","[]",,,"[]","366T",54200,1,
202007,136,"Teamwork 2nd Place  Award (VIQRC)","[]",,,"[]","17629E",54200,1,
202008,137,"Teamwork 3rd Place Award (VIQRC)","[]",,,"[]","366Z",54200,1,
202008,137,"Teamwork 3rd Place Award (VIQRC)","[]",,,"[]","3399U",54200,1,
202009,140,"Design Award (VIQRC)","[]",,,"[]","366T",54200,1,
202010,141,"Robot Skills Champion (VIQRC)","[]",,,"[]","366T",54200,1,
202011,142,"Robot Skills 2nd Place (VIQRC)","[]",,,"[]","19987B",54200,1,
202012,143,"Robot Skills 3rd Place (VIQRC)","[]",,,"[]","366Z",54200,1,
202013,144,"Judges Award (VIQRC)","[]",,,"[]","85672A",54200,1,
202014,145,"Innovate Award (VIQRC)","[]",,,"[]","17629E",54200,1,
202015,146,"Think Award (VIQRC)","[]",,,"[]","32088E",54200,1,
202016,147,"Amaze Award (VIQRC)","[]",,,"[]","56556C",54200,1,
202017,148,"Build Award (VIQRC)","[]",,,"[]","76000X",54200,1,
202018,149,"Create Award (VIQRC)","[]",,,"[]","30523G",54200,1,
202019,152,"Inspire Award (VIQRC)","[]",,,"[]","366Z",54200,1,
204827,132,"Excellence Award (VIQRC)",,,,"[]","86607A",54623,,"World Championship"
204828,135,"Teamwork Champion Award (VIQRC)","[]",,,"[]","17908C",54623,,
204828,135,"Teamwork Champion Award (VIQRC)","[]",,,"[]","86864A",54623,,
204829,136,"Teamwork 2nd Place  Award (VIQRC)","[]",,,"[]","31881C",54623,,
204829,136,"Teamwork 2nd Place  Award (VIQRC)","[]",,,"[]","26857A",54623,,
204830,137,"Teamwork 3rd Place Award (VIQRC)","[]",,,"[]","97519C",54623,,
204830,137,"Teamwork 3rd Place Award (VIQRC)","[]",,,"[]","63770E",54623,,
204831,141,"Robot Skills Champion (VIQRC)",,,,"[]","25023A",54623,,"World Championship"
204832,142,"Robot Skills 2nd Place (VIQRC)","[]",,,"[]","86607A",54623,,
204833,143,"Robot Skills 3rd Place (VIQRC)","[]",,,"[]","27555A",54623,,
205291,140,"Design Award (VIQRC)","[]",,,"[]","79336A",54623,,
205297,144,"Judges Award (VIQRC)","[]",,,"[]","15151B",54623,,
204820,132,"Excellence Award (VIQRC)",,,,"[]","65115E",54624,1,"World Championship"
204821,135,"Teamwork Champion Award (VIQRC)","[]",,,"[]","65115E",54624,1,
204821,135,"Teamwork Champion Award (VIQRC)","[]",,,"[]","83785A",54624,1,
204822,136,"Teamwork 2nd Place  Award (VIQRC)","[]",,,"[]","53387D",54624,1,
204822,136,"Teamwork 2nd Place  Award (VIQRC)","[]",,,"[]","13329A",54624,1,
204823,137,"Teamwork 3rd Place Award (VIQRC)","[]",,,"[]","80982A",54624,1,
204823,137,"Teamwork 3rd Place Award (VIQRC)","[]",,,"[]","69978D",54624,1,
204824,141,"Robot Skills Champion (VIQRC)","[]",,,"[]","26158C",54624,1,
204825,142,"Robot Skills 2nd Place (VIQRC)","[]",,,"[]","3335A",54624,1,
204826,143,"Robot Skills 3rd Place (VIQRC)","[]",,,"[]","65115C",54624,1,
205293,140,"Design Award (VIQRC)","[]",,,"[]","3056C",54624,1,
205298,144,"Judges Award (VIQRC)","[]",,,"[]","97519A",54624,1,
203136,132,"Excellence Award (VIQRC)","[]",,,"[]","98996B",54343,1,
203137,135,"Teamwork Champion Award (VIQRC)","[]",,,"[]","94666A",54343,1,
203137,135,"Teamwork Champion Award (VIQRC)","[]",,,"[]","98990C",54343,1,
203138,136,"Teamwork 2nd Place  Award (VIQRC)","[]",,,"[]","98988C",54343,1,
203138,136,"Teamwork 2nd Place  Award (VIQRC)","[]",,,"[]","98831C",54343,1,
203139,137,"Teamwork 3rd Place Award (VIQRC)","[]",,,"[]","98988F",54343,1,
203139,137,"Teamwork 3rd Place Award (VIQRC)","[]",,,"[]","98990A",54343,1,
203140,140,"Design Award (VIQRC)","[]",,,"[]","94666A",54343,1,
203141,141,"Robot Skills Champion (VIQRC)","[]",,,"[]","98996B",54343,1,
203142,142,"Robot Skills 2nd Place (VIQRC)","[]",,,"[]","98988K",54343,1,
203143,143,"Robot Skills 3rd Place (VIQRC)","[]",,,"[]","98988F",54343,1,
203144,144,"Judges Award (VIQRC)","[]",,,"[]","7342M",54343,1,
203145,145,"Innovate Award (VIQRC)","[]",,,"[]","7755A",54343,1,
203146,146,"Think Award (VIQRC)","[]",,,"[]","98988B",54343,1,
203147,147,"Amaze Award (VIQRC)","[]",,,"[]","94666B",54343,1,
203148,148,"Build Award (VIQRC)","[]",,,"[]","98831C",54343,1,
203149,149,"Create Award (VIQRC)","[]",,,"[]","98988C",54343,1,
203150,150,"Sportsmanship Award (VIQRC)","[]",,,"[]","66999A",54343,1,
203151,151,"Energy Award (VIQRC)","[]",,,"[]","98831D",54343,1,
203152,152,"Inspire Award (VIQRC)","[]",,,"[]","98990C",54343,1,
203153,132,"Excellence Award (VIQRC)","[]",,,"[]","60666A",54344,1,
203154,135,"Teamwork Champion Award (VIQRC)","[]",,,"[]","60666A",54344,1,
203154,135,"Teamwork Champion Award (VIQRC)","[]",,,"[]","98988A",54344,1,
203155,136,"Teamwork 2nd Place  Award (VIQRC)","[]",,,"[]","98886B",54344,1,
203155,136,"Teamwork 2nd Place  Award (VIQRC)","[]",,,"[]","98831A",54344,1,
203156,137,"Teamwork 3rd Place Award (VIQRC)","[]",,,"[]","98886A",54344,1,
203156,137,"Teamwork 3rd Place Award (VIQRC)","[]",,,"[]","98990H",54344,1,
203157,140,"Design Award (VIQRC)","[]",,,"[]","98988A",54344,1,
203158,141,"Robot Skills Champion (VIQRC)","[]",,,"[]","98996A",54344,1,
203159,142,"Robot Skills 2nd Place (VIQRC)","[]",,,"[]","60666A",54344,1,
203160,143,"Robot Skills 3rd Place (VIQRC)","[]",,,"[]","60666X",54344,1,
203161,144,"Judges Award (VIQRC)","[]",,,"[]","98990H",54344,1,
208208,132,"Excellence Award (VIQRC)","[]",,,"[]","25502A",55018,1,
208209,135,"Teamwork Champion Award (VIQRC)","[]",,,"[]","88885B",55018,1,
208209,135,"Teamwork Champion Award (VIQRC)","[]",,,"[]","60898A",55018,1,
208212,140,"Design Award (VIQRC)","[]",,,"[]","88885B",55018,1,
208213,141,"Robot Skills Champion (VIQRC)","[]",,,"[]","6020A",55018,1,
208216,144,"Judges Award (VIQRC)","[]",,,"[]","25502D",55018,1,
206257,135,"Teamwork Champion Award (VIQRC)","[]",,,"[]","1399A",54821,1,
206257,135,"Teamwork Champion Award (VIQRC)","[]",,,"[]","72333V",54821,1,
206258,136,"Teamwork 2nd Place  Award (VIQRC)","[]",,,"[]","77072C",54821,1,
206258,136,"Teamwork 2nd Place  Award (VIQRC)","[]",,,"[]","60777B",54821,1,
206259,137,"Teamwork 3rd Place Award (VIQRC)","[]",,,"[]","55819A",54821,1,
206259,137,"Teamwork 3rd Place Award (VIQRC)","[]",,,"[]","677C",54821,1,
206260,140,"Design Award (VIQRC)","[]",,,"[]","31892F",54821,1,
206261,141,"Robot Skills Champion (VIQRC)","[]",,,"[]","72399B",54821,1,
206262,142,"Robot Skills 2nd Place (VIQRC)","[]",,,"[]","98626A",54821,1,
206263,143,"Robot Skills 3rd Place (VIQRC)","[]",,,"[]","98626B",54821,1,
206264,144,"Judges Award (VIQRC)","[]",,,"[]","25155K",54821,1,
206265,145,"Innovate Award (VIQRC)","[]",,,"[]","98626D",54821,1,
206266,146,"Think Award (VIQRC)","[]",,,"[]","970A",54821,1,
206267,147,"Amaze Award (VIQRC)","[]",,,"[]","1686C",54821,1,
206268,148,"Build Award (VIQRC)","[]",,,"[]","16400A",54821,1,
206269,149,"Create Award (VIQRC)","[]",,,"[]","34216D",54821,1,
206270,150,"Sportsmanship Award (VIQRC)","[]",,,"[]","7428X",54821,1,
206271,151,"Energy Award (VIQRC)","[]",,,"[]","98251C",54821,1,
206272,152,"Inspire Award (VIQRC)","[]",,,"[]","69999B",54821,1,
206281,132,"Excellence Award (VIQRC)","[]",,,"[]","31892A",54824,1,
206282,135,"Teamwork Champion Award (VIQRC)","[]",,,"[]","82388C",54824,1,
206282,135,"Teamwork Champion Award (VIQRC)","[]",,,"[]","31892A",54824,1,
206283,136,"Teamwork 2nd Place  Award (VIQRC)","[]",,,"[]","67166A",54824,1,
206283,136,"Teamwork 2nd Place  Award (VIQRC)","[]",,,"[]","97A",54824,1,
206284,137,"Teamwork 3rd Place Award (VIQRC)","[]",,,"[]","59268D",54824,1,
206284,137,"Teamwork 3rd Place Award (VIQRC)","[]",,,"[]","31668C",54824,1,
206285,140,"Design Award (VIQRC)","[]",,,"[]","31668A",54824,1,
206286,141,"Robot Skills Champion (VIQRC)","[]",,,"[]","97A",54824,1,
206287,142,"Robot Skills 2nd Place (VIQRC)","[]",,,"[]","82388C",54824,1,
206288,143,"Robot Skills 3rd Place (VIQRC)","[]",,,"[]","67166A",54824,1,
206289,144,"Judges Award (VIQRC)","[]",,,"[]","31668C",54824,1,
207297,132,"Excellence Award (VIQRC)",,,,"[]","7627A",54916,1,"World Championship"
207298,135,"Teamwork Champion Award (VIQRC)",,,,"[]","98996C",54916,1,"World Championship"
207298,135,"Teamwork Champion Award (VIQRC)",,,,"[]","32680C",54916,1,"World Championship"
207299,136,"Teamwork 2nd Place  Award (VIQRC)",,,,"[]","56556G",54916,1,"World Championship"
207299,136,"Teamwork 2nd Place  Award (VIQRC)",,,,"[]","98996K",54916,1,"World Championship"
207301,140,"Design Award (VIQRC)",,,,"[]","15159H",54916,1,"World Championship"
207302,141,"Robot Skills Champion (VIQRC)",,,,"[]","558B",54916,1,"World Championship"
207303,142,"Robot Skills 2nd Place (VIQRC)","[]",,,"[]","92972B",54916,1,
207304,143,"Robot Skills 3rd Place (VIQRC)","[]",,,"[]","58988P",54916,1,
207305,144,"Judges Award (VIQRC)","[]",,,"[]","3999B",54916,1,
207306,145,"Innovate Award (VIQRC)","[]",,,"[]","98996B",54916,1,
207307,146,"Think Award (VIQRC)","[]",,,"[]","65115B",54916,1,
207308,147,"Amaze Award (VIQRC)","[]",,,"[]","1699V",54916,1,
207309,148,"Build Award (VIQRC)","[]",,,"[]","38783D",54916,1,
207310,149,"Create Award (VIQRC)","[]",,,"[]","1033B",54916,1,
207311,151,"Energy Award (VIQRC)","[]",,,"[]","45666B",54916,1,
207312,152,"Inspire Award (VIQRC)","[]",,,"[]","527B",54916,1,
207233,132,"Excellence Award (VIQRC)",,,,"[]","82355G",54917,,"World Championship"
207234,135,"Teamwork Champion Award (VIQRC)",,,,"[]","60666X",54917,,"World Championship"
207234,135,"Teamwork Champion Award (VIQRC)",,,,"[]","7755B",54917,,"World Championship"
207235,136,"Teamwork 2nd Place  Award (VIQRC)","[]",,,"[]","60666A",54917,,
207235,136,"Teamwork 2nd Place  Award (VIQRC)","[]",,,"[]","12580F",54917,,
207237,141,"Robot Skills Champion (VIQRC)","[]",,,"[]","60666A",54917,,
207238,142,"Robot Skills 2nd Place (VIQRC)","[]",,,"[]","95382Y",54917,,
207239,143,"Robot Skills 3rd Place (VIQRC)","[]",,,"[]","8666B",54917,,
207240,144,"Judges Award (VIQRC)","[]",,,"[]","366T",54917,,
207241,145,"Innovate Award (VIQRC)","[]",,,"[]","32088E",54917,,
207242,146,"Think Award (VIQRC)","[]",,,"[]","13899A",54917,,
207243,147,"Amaze Award (VIQRC)","[]",,,"[]","27115B",54917,,
207244,148,"Build Award (VIQRC)","[]",,,"[]","98886A",54917,,
207245,149,"Create Award (VIQRC)","[]",,,"[]","62730C",54917,,
207246,151,"Energy Award (VIQRC)","[]",,,"[]","8848B",54917,,
207247,152,"Inspire Award (VIQRC)","[]",,,"[]","8588B",54917,,
207280,140,"Design Award (VIQRC)",,,,"[]","7627S",54917,,"World Championship"
208119,135,"Teamwork Champion Award (VIQRC)",,,,"[]","72366A",55010,1,"World Championship"
208119,135,"Teamwork Champion Award (VIQRC)",,,,"[]","19166A",55010,1,"World Championship"
208120,140,"Design Award (VIQRC)",,,,"[]","72366N",55010,1,"World Championship"
208121,141,"Robot Skills Champion (VIQRC)","[]",,,"[]","27738A",55010,1,
208122,144,"Judges Award (VIQRC)","[]",,,"[]","33579D",55010,1,
208123,145,"Innovate Award (VIQRC)","[]",,,"[]","20958A",55010,1,
208124,148,"Build Award (VIQRC)","[]",,,"[]","52891A",55010,1,
208156,132,"Excellence Award (VIQRC)",,,,"[]","12018C",55010,1,"World Championship"
208157,136,"Teamwork 2nd Place  Award (VIQRC)",,,,"[]","28111A",55010,1,"World Championship"
208157,136,"Teamwork 2nd Place  Award (VIQRC)",,,,"[]","28111Z",55010,1,"World Championship"
208158,146,"Think Award (VIQRC)","[]",,,"[]","15159D",55010,1,
208159,147,"Amaze Award (VIQRC)","[]",,,"[]","60667C",55010,1,
208150,135,"Teamwork Champion Award (VIQRC)",,,,"[]","32680A",55014,1,"World Championship"
208150,135,"Teamwork Champion Award (VIQRC)",,,,"[]","6668C",55014,1,"World Championship"
208153,144,"Judges Award (VIQRC)","[]",,,"[]","766V",55014,1,
208154,145,"Innovate Award (VIQRC)","[]",,,"[]","38888V",55014,1,
208155,148,"Build Award (VIQRC)","[]",,,"[]","7386E",55014,1,
208164,146,"Think Award (VIQRC)","[]",,,"[]","32680A",55014,1,
208165,147,"Amaze Award (VIQRC)","[]",,,"[]","366Y",55014,1,
208567,132,"Excellence Award (VIQRC)",,,,"[]","57521Z",55014,1,"World Championship"
186305,135,"Teamwork Champion Award (VIQRC)",,,,"[]","8828B",51532,1,"World Championship"
186305,135,"Teamwork Champion Award (VIQRC)",,,,"[]","82366G",51532,1,"World Championship"
186306,140,"Design Award (VIQRC)","[]",,,"[]","15167A",51532,1,
186307,141,"Robot Skills Champion (VIQRC)","[]",,,"[]","60666A",51532,1,
186308,144,"Judges Award (VIQRC)","[]",,,"[]","10458C",51532,1,
186309,145,"Innovate Award (VIQRC)","[]",,,"[]","1366B",51532,1,
186310,148,"Build Award (VIQRC)","[]",,,"[]","82366G",51532,1,
186311,149,"Create Award (VIQRC)","[]",,,"[]","67166A",51532,1,
186312,150,"Sportsmanship Award (VIQRC)","[]",,,"[]","6060A",51532,1,
186313,152,"Inspire Award (VIQRC)","[]",,,"[]","88613E",51532,1,
186334,132,"Excellence Award (VIQRC)",,,,"[]","60666A",51532,1,"World Championship"
186338,146,"Think Award (VIQRC)","[]",,,"[]","80066B",51532,1,
186339,147,"Amaze Award (VIQRC)","[]",,,"[]","61105A",51532,1,
210331,136,"Teamwork 2nd Place  Award (VIQRC)","[]",,,"[]","3335B",51532,1,
210331,136,"Teamwork 2nd Place  Award (VIQRC)","[]",,,"[]","68888A",51532,1,
210333,137,"Teamwork 3rd Place Award (VIQRC)","[]",,,"[]","88896K",51532,1,
210333,137,"Teamwork 3rd Place Award (VIQRC)","[]",,,"[]","98988A",51532,1,
210334,142,"Robot Skills 2nd Place (VIQRC)","[]",,,"[]","98996A",51532,1,
210335,143,"Robot Skills 3rd Place (VIQRC)","[]",,,"[]","80066A",51532,1,
210336,151,"Energy Award (VIQRC)","[]",,,"[]","32680A",51532,1,
186195,135,"Teamwork Champion Award (VIQRC)",,,,"[]","80982C",51749,100,"World Championship"
186195,135,"Teamwork Champion Award (VIQRC)",,,,"[]","98831B",51749,100,"World Championship"
186197,141,"Robot Skills Champion (VIQRC)","[]",,,"[]","95111C",51749,1,
186199,145,"Innovate Award (VIQRC)","[]",,,"[]","1268Y",51749,1,
186199,145,"Innovate Award (VIQRC)","[]",,,"[]","72366G",51749,2,
186200,148,"Build Award (VIQRC)","[]",,,"[]","88299A",51749,1,
186200,148,"Build Award (VIQRC)","[]",,,"[]","8828D",51749,2,
186201,149,"Create Award (VIQRC)","[]",,,"[]","98996B",51749,1,
186201,149,"Create Award (VIQRC)","[]",,,"[]","94888A",51749,2,
186202,150,"Sportsmanship Award (VIQRC)","[]",,,"[]","98886C",51749,1,
186202,150,"Sportsmanship Award (VIQRC)","[]",,,"[]","98990A",51749,2,
186203,152,"Inspire Award (VIQRC)","[]",,,"[]","527A",51749,1,
186203,152,"Inspire Award (VIQRC)","[]",,,"[]","779A",51749,2,
186335,132,"Excellence Award (VIQRC)",,,,"[]","95111C",51749,1,"World Championship"
186336,146,"Think Award (VIQRC)","[]",,,"[]","3336A",51749,1,
186336,146,"Think Award (VIQRC)","[]",,,"[]","71888B",51749,2,
186337,147,"Amaze Award (VIQRC)","[]",,,"[]","28111Z",51749,1,
186337,147,"Amaze Award (VIQRC)","[]",,,"[]","7276X",51749,2,
210337,136,"Teamwork 2nd Place  Award (VIQRC)","[]",,,"[]","95111B",51749,1,
210337,136,"Teamwork 2nd Place  Award (VIQRC)","[]",,,"[]","9781A",51749,1,
210338,142,"Robot Skills 2nd Place (VIQRC)","[]",,,"[]","55819A",51749,1,
210340,143,"Robot Skills 3rd Place (VIQRC)","[]",,,"[]","80982C",51749,1,
210341,151,"Energy Award (VIQRC)","[]",,,"[]","3322B",51749,1,
210341,151,"Energy Award (VIQRC)","[]",,,"[]","7386A",51749,2,
210197,132,"Excellence Award (VIQRC)",,,,"[]","66222B",55225,1,"World Championship"
210198,135,"Teamwork Champion Award (VIQRC)","[]",,,"[]","66222B",55225,1,
210198,135,"Teamwork Champion Award (VIQRC)","[]",,,"[]","59669C",55225,1,
210203,146,"Think Award (VIQRC)","[]",,,"[]","59669B",55225,1,
210214,132,"Excellence Award (VIQRC)",,,,"[]","1147C",55227,1,"World Championship"
210215,135,"Teamwork Champion Award (VIQRC)","[]",,,"[]","89891B",55227,1,
210215,135,"Teamwork Champion Award (VIQRC)","[]",,,"[]","9027A",55227,1,
197958,135,"Teamwork Champion Award (VIQRC)","[]",,,"[]","94915D",53596,1,
197958,135,"Teamwork Champion Award (VIQRC)","[]",,,"[]","94915F",53596,1,
197959,140,"Design Award (VIQRC)","[]",,,"[]","86832E",53596,1,
197960,141,"Robot Skills Champion (VIQRC)","[]",,,"[]","54037C",53596,1,
197961,144,"Judges Award (VIQRC)","[]",,,"[]","54037B",53596,1,
197962,145,"Innovate Award (VIQRC)","[]",,,"[]","21169J",53596,1,
197963,146,"Think Award (VIQRC)","[]",,,"[]","2226C",53596,1,
197964,147,"Amaze Award (VIQRC)","[]",,,"[]","54037A",53596,1,
197965,149,"Create Award (VIQRC)","[]",,,"[]","1986S",53596,1,
197966,152,"Inspire Award (VIQRC)","[]",,,"[]","89754D",53596,1,
209480,132,"Excellence Award (VIQRC)",,,,"[]","66186A",55145,1,"World Championship"
209483,135,"Teamwork Champion Award (VIQRC)","[]",,,"[]","26862A",55145,1,
209483,135,"Teamwork Champion Award (VIQRC)","[]",,,"[]","66186A",55145,1,
209484,136,"Teamwork 2nd Place  Award (VIQRC)","[]",,,"[]","26862H",55145,1,
209484,136,"Teamwork 2nd Place  Award (VIQRC)","[]",,,"[]","26862D",55145,1,
209485,137,"Teamwork 3rd Place Award (VIQRC)","[]",,,"[]","60667C",55145,1,
209485,137,"Teamwork 3rd Place Award (VIQRC)","[]",,,"[]","66186C",55145,1,
209486,140,"Design Award (VIQRC)","[]",,,"[]","60667C",55145,1,
209487,141,"Robot Skills Champion (VIQRC)","[]",,,"[]","26862D",55145,1,
209504,144,"Judges Award (VIQRC)","[]",,,"[]","13699B",55145,1,
209505,146,"Think Award (VIQRC)","[]",,,"[]","26862D",55145,1,
209506,147,"Amaze Award (VIQRC)","[]",,,"[]","26862A",55145,1,
209507,148,"Build Award (VIQRC)","[]",,,"[]","26862E",55145,1,
209509,151,"Energy Award (VIQRC)","[]",,,"[]","60667D",55145,1,
210879,132,"Excellence Award (VIQRC)","[]",,,"[]","28111U",55291,1,
210880,135,"Teamwork Champion Award (VIQRC)","[]",,,"[]","32680E",55291,1,
210880,135,"Teamwork Champion Award (VIQRC)","[]",,,"[]","9027B",55291,1,
210881,136,"Teamwork 2nd Place  Award (VIQRC)","[]",,,"[]","2698S",55291,1,
210881,136,"Teamwork 2nd Place  Award (VIQRC)","[]",,,"[]","9027A",55291,1,
210883,140,"Design Award (VIQRC)","[]",,,"[]","61823D",55291,1,
210884,141,"Robot Skills Champion (VIQRC)","[]",,,"[]","28111U",55291,1,
210885,142,"Robot Skills 2nd Place (VIQRC)","[]",,,"[]","32680E",55291,1,
210887,144,"Judges Award (VIQRC)","[]",,,"[]","28113F",55291,1,
210645,132,"Excellence Award (VIQRC)",,,,"[]","71888B",55271,1,"World Championship"
210646,135,"Teamwork Champion Award (VIQRC)",,,,"[]","692D",55271,2,"World Championship"
210646,135,"Teamwork Champion Award (VIQRC)",,,,"[]","52891A",55271,2,"World Championship"
210647,136,"Teamwork 2nd Place  Award (VIQRC)",,,,"[]","28113E",55271,1,"World Championship"
210647,136,"Teamwork 2nd Place  Award (VIQRC)",,,,"[]","37097A",55271,1,"World Championship"
210648,137,"Teamwork 3rd Place Award (VIQRC)","[]",,,"[]","95111C",55271,1,
210648,137,"Teamwork 3rd Place Award (VIQRC)","[]",,,"[]","502B",55271,1,
210648,137,"Teamwork 3rd Place Award (VIQRC)","[]",,,"[]","28113C",55271,2,
210648,137,"Teamwork 3rd Place Award (VIQRC)","[]",,,"[]","80088U",55271,2,
210649,140,"Design Award (VIQRC)",,,,"[]","15159D",55271,1,"World Championship"
210650,141,"Robot Skills Champion (VIQRC)",,,,"[]","52891A",55271,1,"World Championship"
210651,142,"Robot Skills 2nd Place (VIQRC)","[]",,,"[]","95111B",55271,1,
210652,143,"Robot Skills 3rd Place (VIQRC)","[]",,,"[]","9781A",55271,1,
210653,144,"Judges Award (VIQRC)","[]",,,"[]","8858C",55271,1,
210653,144,"Judges Award (VIQRC)","[]",,,"[]","69666A",55271,2,
210654,145,"Innovate Award (VIQRC)","[]",,,"[]","1366A",55271,1,
210654,145,"Innovate Award (VIQRC)","[]",,,"[]","66186A",55271,2,
210655,146,"Think Award (VIQRC)","[]",,,"[]","9781A",55271,1,
210655,146,"Think Award (VIQRC)","[]",,,"[]","95111B",55271,2,
210656,147,"Amaze Award (VIQRC)","[]",,,"[]","1658D",55271,1,
210656,147,"Amaze Award (VIQRC)","[]",,,"[]","96666A",55271,2,
210657,148,"Build Award (VIQRC)","[]",,,"[]","88299A",55271,1,
210657,148,"Build Award (VIQRC)","[]",,,"[]","80088U",55271,2,
210658,149,"Create Award (VIQRC)","[]",,,"[]","33885C",55271,1,
210658,149,"Create Award (VIQRC)","[]",,,"[]","27738A",55271,2,
210659,150,"Sportsmanship Award (VIQRC)","[]",,,"[]","98626A",55271,1,
210659,150,"Sportsmanship Award (VIQRC)","[]",,,"[]","52891A",55271,2,
210660,151,"Energy Award (VIQRC)","[]",,,"[]","28111Z",55271,1,
210660,151,"Energy Award (VIQRC)","[]",,,"[]","33885D",55271,2,
210661,152,"Inspire Award (VIQRC)","[]",,,"[]","1266B",55271,1,
210661,152,"Inspire Award (VIQRC)","[]",,,"[]","15841A",55271,2,
210899,132,"Excellence Award (VIQRC)",,,,"[]","80066B",55292,1,"World Championship"
210900,135,"Teamwork Champion Award (VIQRC)",,,,"[]","88896K",55292,1,"World Championship"
210900,135,"Teamwork Champion Award (VIQRC)",,,,"[]","166A",55292,1,"World Championship"
210901,136,"Teamwork 2nd Place  Award (VIQRC)","[]",,,"[]","98831A",55292,1,
210901,136,"Teamwork 2nd Place  Award (VIQRC)","[]",,,"[]","66888C",55292,1,
210902,137,"Teamwork 3rd Place Award (VIQRC)","[]",,,"[]","98990H",55292,1,
210902,137,"Teamwork 3rd Place Award (VIQRC)","[]",,,"[]","68888A",55292,1,
210905,140,"Design Award (VIQRC)",,,,"[]","27112B",55292,1,"World Championship"
210906,141,"Robot Skills Champion (VIQRC)","[]",,,"[]","68888A",55292,1,
210907,142,"Robot Skills 2nd Place (VIQRC)","[]",,,"[]","80066B",55292,1,
210908,143,"Robot Skills 3rd Place (VIQRC)","[]",,,"[]","79309A",55292,1,
210909,144,"Judges Award (VIQRC)","[]",,,"[]","10458C",55292,1,
210910,145,"Innovate Award (VIQRC)","[]",,,"[]","6020B",55292,1,
210911,146,"Think Award (VIQRC)","[]",,,"[]","15159A",55292,1,
210912,147,"Amaze Award (VIQRC)","[]",,,"[]","60666A",55292,1,
210913,148,"Build Award (VIQRC)","[]",,,"[]","82377G",55292,1,
210914,149,"Create Award (VIQRC)","[]",,,"[]","57521Z",55292,1,
210915,150,"Sportsmanship Award (VIQRC)","[]",,,"[]","1366B",55292,1,
210916,151,"Energy Award (VIQRC)","[]",,,"[]","8858Z",55292,1,
210917,152,"Inspire Award (VIQRC)","[]",,,"[]","3322D",55292,1,